{
  "metadata": {
    "name": "TruyenAZZ",
    "author": "kurokeita",
    "version": 2,
    "source": "https://truyenazzmoi.com",
    "regexp": "(www.)?(truyentr|truyenazz).(vn|info|org)/[^/]+/?$",
    "description": "Đọc truyện trên trang TruyenAZZ",
    "locale": "vi_VN",
    "type": "novel",
    "language": "javascript"
  },
  "script": {
    "home": "home.js",
    "genre": "genre.js",
    "detail": "detail.js",
    "search": "search.js",
    "page": "page.js",
    "toc": "toc.js",
    "chap": "chap.js"
  }
}